{ "figures" : 
    [
    {
        "id": 1,
        "nombre": "Goku SSJ3",
        "precio": 160,
        "light": true,
        "tags": "['goku', 'ssj3', 'light', 'led', 'dbz']",
        "img": "./img/Goku/goku1.jpg",
        "cantidad": 1
    },
    {   
        "id": 2,
        "nombre": "Goku Ultra Instinct",
        "precio": 200,
        "light": true,
        "tags": "['goku', 'ui', 'light', 'led', 'dbs', 'ultra instinct']",
        "img": "./img/Goku/goku2.jpg",
        "cantidad": 1
    },
    {
        "id": 3,
        "nombre": "Goku SSJ2",
        "precio": 200,
        "light": false,
        "tags": "['goku', 'ssj2', 'dbz']",
        "img": "./img/Goku/goku3.jpg",
        "cantidad": 1
    },
    {
        "id": 4,
        "nombre": "Goku Genkidama",
        "precio": 190,
        "light": true,
        "tags": "['goku', 'genkidama', 'light', 'led', 'dbz']",
        "img": "./img/Goku/goku4.jpg",
        "cantidad": 1
    },
    {
        "id": 5,
        "nombre": "Majin Vegeta",
        "precio": 200,
        "light": false,
        "tags": "['vegeta', 'ssj2', 'majin', 'dbz']",
        "img": "./img/Vegeta/vegeta1.jpg",
        "cantidad": 1
    },
    {
        "id": 6,
        "nombre": "Vegeta Big Bang Attack", 
        "precio": 230,
        "light": true,
        "tags": "['vegeta', 'ssj', 'big', 'bang', 'dbz', 'light', 'led']",
        "img": "./img/Vegeta/vegeta2.jpg",
        "cantidad": 1
    },
    {
        "id": 7,
        "nombre": "Vegeta Final Flash",
        "precio": 160,
        "light": false,
        "tags": "['vegeta', 'ssj', 'final', 'flash', 'dbz']",
        "img": "./img/Vegeta/vegeta3.jpg",
        "cantidad": 1
    },
    {
        "id": 8,
        "nombre": "Vegeta SSJB",
        "precio": 100,
        "light": false,
        "tags": "['vegeta', 'ssjb', 'dbs']",
        "img": "./img/Vegeta/vegeta4.jpg",
        "cantidad": 1
    },
    {
        "id": 9,
        "nombre": "Broly Berserk Fists",
        "precio": 220,
        "light": true,
        "tags": "['broly', 'green', 'berserk', 'dbs', 'light', 'led', 'fist', 'fists']",
        "img": "./img/Broly/broly1.jpg",
        "cantidad": 1
    },
    {
        "id": 10,
        "nombre": "Broly SSJ",
        "precio": 130,
        "light": false,
        "tags": "['broly', 'berserk', 'dbs', 'ssj']",
        "img": "./img/Broly/broly2.jpg",
        "cantidad": 1
    },
    {
        "id": 11,
        "nombre": "Broly Omega Blaster",
        "precio": 230,
        "light": true,
        "tags": "['broly', 'green', 'berserk', 'dbz', 'light', 'led', 'omega', 'blaster']",
        "img": "./img/Broly/broly3.jpg",
        "cantidad": 1
    },
    {
        "id": 12,
        "nombre": "Broly SSJL",
        "precio": 200,
        "light": true,
        "tags": "['broly', 'green', 'berserk', 'dbz', 'light', 'led', 'legendary', 'ssjl']",
        "img": "./img/Broly/broly4.jpg",
        "cantidad": 1
    },
    {
        "id": 13,
        "nombre": "Vegetto SSJB Final Kamehameha",
        "precio": 180,
        "light": true,
        "tags": "['vegetto', 'final', 'kamehameha', 'ssjb', 'dbs']",
        "img": "./img/Vegetto/vegetto1.jpg",
        "cantidad": 1
    },
    {
        "id": 14,
        "nombre": "Vegetto Kick", 
        "precio": 120,
        "light": false,
        "tags": "['vegetto', 'kick', 'ssj', 'dbz']",
        "img": "./img/Vegetto/vegetto2.jpg",
        "cantidad": 1
    },
    {
        "id": 15,
        "nombre": "Vegetto SSJB", 
        "precio": 130,
        "light": false,
        "tags": "['vegetto', 'ssjb', 'dbs']",
        "img": "./img/Vegetto/vegetto3.jpg",
        "cantidad": 1
    },
    {
        "id": 16,
        "nombre": "Vegetto SSJB Ki Sword", 
        "precio": 150,
        "light": false,
        "tags": "['vegetto', 'ki', 'sword', 'ssjb', 'dbs']",
        "img": "./img/Vegetto/vegetto4.jpg",
        "cantidad": 1
    },
    {
        "id": 17,
        "nombre": "Gogeta Stardust Breaker", 
        "precio": 220,
        "light": true,
        "tags": "['gogeta', 'ssj', 'stardust', 'breaker', 'dbz' ,'light', 'led']",
        "img": "./img/Gogeta/gogeta1.jpg",
        "cantidad": 1
    },
    {
        "id": 18,
        "nombre": "Gogeta SSJ4 Kamehameha",
        "precio": 190,
        "light": true,
        "tags": "['gogeta', 'ssj4', 'kamehameha', 'dbgt', 'light', 'led']",
        "img": "./img/Gogeta/gogeta2.jpg",
        "cantidad": 1
    },
    {
        "id": 19,
        "nombre": "Gogeta SSJB",
        "precio": 100,
        "light": false,
        "tags": "['gogeta', 'ssjb', 'dbs']",
        "img": "./img/Gogeta/gogeta3.jpg",
        "cantidad": 1
    },
    {
        "id": 20,
        "nombre": "Gogeta SSJB Stardust Breaker",
        "precio": 250,
        "light": true,
        "tags": "['gogeta', 'ssjb', 'stardust', 'breaker', 'dbs', 'light', 'led']",
        "img": "./img/Gogeta/gogeta4.jpg",
        "cantidad": 1
    },
    {
        "id": 21,
        "nombre": "Gohan Kaio",
        "precio": 130,
        "light": false,
        "tags": "['gohan', 'kaio', 'dbz']",
        "img": "./img/Gohan/gohan1.jpg",
        "cantidad": 1
    },
    {
        "id": 22,
        "nombre": "Future Gohan",
        "precio": 120,
        "light": false,
        "tags": "['gohan', 'future', 'ssj']",
        "img": "./img/Gohan/gohan2.jpg",
        "cantidad": 1
    },
    {
        "id": 23,
        "nombre": "Ultimate Gohan",
        "precio": 140,
        "light": false,
        "tags": "['gohan', 'ultimate', 'dbz']",
        "img": "./img/Gohan/gohan3.jpg",
        "cantidad": 1
    },
    {
        "id": 24,
        "nombre": "Goku-Gohan Father-Son Kamehameha",
        "precio": 200,
        "light": true,
        "tags": "['gohan', 'goku', 'father', 'son', 'kamehameha', 'dbz', 'light', 'led']",
        "img": "./img/Gohan/gohan4.jpg",
        "cantidad": 1
    },
    {
        "id": 25,
        "nombre": "Future Trunks",
        "precio": 130,
        "light": false,
        "tags": "['trunks', 'future', 'dbz']",
        "img": "./img/Trunks/trunks1.jpg",
        "cantidad": 1
    },
    {
        "id": 26,
        "nombre": "Future Trunks LH",
        "precio": 140,
        "light": false,
        "tags": "['trunks', 'future', 'dbz']",
        "img": "./img/Trunks/trunks2.jpg",
        "cantidad": 1
    },
    {
        "id": 27,
        "nombre": "Future Trunks SSJ Ki",
        "precio": 150,
        "light": false,
        "tags": "['trunks', 'future', 'ssj', 'ki']",
        "img": "./img/Trunks/trunks3.jpg",
        "cantidad": 1
    },
    {
        "id": 28,
        "nombre": "Future Trunks SSJ Sword Attack", 
        "precio": 140,
        "light": false,
        "tags": "['trunks', 'future', 'ssj', 'sword', 'attack']",
        "img": "./img/Trunks/trunks4.jpg",
        "cantidad": 1
    } 
]
}   